<?xml version="1.0" encoding="UTF-8"?>
<?xml-stylesheet type="text/xsl" href="ipums-ddi-xslt.xsl"?>
<codeBook xmlns="http://www.icpsr.umich.edu/DDI" xmlns:xsi="http://www.w3.org/2001/XMLSchema-instance" xsi:schemaLocation="http://www.icpsr.umich.edu/DDI http://www.icpsr.umich.edu/DDI/Version2-1.xsd" version="2.1" ID="ddi2-2e06a840-6715-0134-8e21-005056a35405_terrapop_extract_3485.dat-data.terrapop.org">
  <docDscr>
    <citation>
      <titlStmt>
        <titl>Codebook for a IPUMS Terra Data Extract</titl>
        <subTitl>DDI 2.1 metadata describing the extract file  'terrapop_extract_3485.dat'</subTitl>
        <IDNo>ddi2-2e06a840-6715-0134-8e21-005056a35405_terrapop_extract_3485.dat-data.terrapop.org</IDNo>
      </titlStmt>
      <rspStmt>
        <AuthEnty affiliation="University of Minnesota">Minnesota Population Center</AuthEnty>
      </rspStmt>
      <prodStmt>
        <producer abbr="MPC" affiliation="University of Minnesota" role="Documentation">Minnesota Population Center</producer>
        <prodDate date="2017-10-13">October 13, 2017</prodDate>
        <prodPlac>Minnesota Population Center, 50 Willey Hall, 225 - 19th Avenue South, Minneapolis, MN 55455</prodPlac>
      </prodStmt>
      <distStmt>
        <contact affiliation="University of Minnesota" URI="http://pop.umn.edu">Minnesota Population Center</contact>
      </distStmt>
    </citation>
  </docDscr>
  <stdyDscr>
    <citation>
      <titlStmt>
        <titl>User Extract terrapop_extract_3485.dat</titl>
      </titlStmt>
      <rspStmt>
        <AuthEnty affiliation="University of Minnesota">Minnesota Population Center</AuthEnty>
      </rspStmt>
      <prodStmt>
        <producer abbr="MPC" affiliation="University of Minnesota" role="Documentation">Minnesota Population Center</producer>
        <prodDate date="2017-10-13">October 13, 2017</prodDate>
        <prodPlac>Minnesota Population Center, 50 Willey Hall, 225 - 19th Avenue South, Minneapolis, MN 55455</prodPlac>
      </prodStmt>
      <distStmt>
        <contact affiliation="University of Minnesota" URI="http://pop.umn.edu">Minnesota Population Center</contact>
      </distStmt>
      <verStmt>
        <version date="2017-10-13"/>
      </verStmt>
    </citation>
    <stdyInfo>
      <subject>
      </subject>
    </stdyInfo>
    <dataAccs>
      <useStmt>
        <confDec required="yes"><![CDATA[IPUMS Terra distributes integrated microdata of individuals and households only by agreement of collaborating national statistical offices and under the strictest of confidence. Before data may be distributed to an individual researcher, an electronic license agreement must be signed and approved.

To gain access to the data, a researcher must agree to the following:

(1) Implement security measures to prevent unauthorized access to census microdata. Under IPUMS Terra agreements with collaborating agencies, redistribution of the data to third parties is prohibited.

(2) Use the microdata for the exclusive purposes of scholarly research and education. Researchers must explicitly agree to not use microdata acquired for any commercial or income-generating venture.

(3) Maintain the confidentiality of persons, households, and other entities. Any attempt to ascertain the identity of persons or households from the microdata is prohibited. Alleging that a person or household has been identified is also prohibited.

(4) Report all publications based on these data to IPUMS Terra, which will in turn pass the information on to the relevant national statistical agencies.

Once a project is approved, a password is issued and data may be acquired through the Internet. Penalties for violating the license include: revocation of the license, recall of all microdata acquired, filing of a motion of censure to the appropriate professional organizations, and civil prosecution under the relevant national or international statutes.

These safeguards mirror the principles from the Joint ECE/Eurostat Work Session on Statistical Data Confidentiality. Employees of the Minnesota Population Center who work with the census microdata to produce the harmonized database also sign agreements to respect the confidentiality of the data.

IPUMS Terra works with each country's statistical office to minimize the risk of disclosure of respondent information. The details of the confidentiality protections vary across countries, but in all cases, names and detailed geographic information are suppressed and top-codes are imposed on variables such as income that might identify specific persons. In addition, IPUMS Terra uses a variety of technical procedures to enhance confidentiality protection. These include the following:

  
(1) Swapping an undisclosed fraction of records from one administrative district to another to make positive identification of individuals impossible.

(2) Randomizing the placement of households within districts to disguise the order in which individuals were enumerated or the data processed.

(3) Aggregating codes of sensitive characteristics (e.g., grouping together very small ethnic categories)

(4) Top- and bottom-coding continuous variables to prevent identification of extreme cases.

The safety record for public-use census microdata is apparently perfect. In almost four decades of use, there has not been a single verified breach of statistical confidentiality. The measures implemented by the IPUMS Terra are designed to extend this record.]]></confDec>
        <contact affiliation="Minnesota Population Center" URI="http://www.terrapop.org">IPUMS Terra</contact>
        <citReq><![CDATA[Minnesota Population Center. Terra Populus [Machine-readable database]. Minneapolis: University of Minnesota, 2011.

Researchers should also acknowledge the statistical agency that originally produced the data.


The licensing agreement for use of IPUMS Terra data requires that users supply IPUMS Terra with the title and full citation for any publications, research reports, or educational materials making use of the data or documentation.

Copies of such materials are also gratefully received at terrapop@umn.edu.

Printed matter should be sent to:
IPUMS Terra
Minnesota Population Center
University of Minnesota
50 Willey Hall
225 19th Avenue South
Minneapolis, MN 55455
]]></citReq>
        <conditions><![CDATA[An adapted version of the dataset, harmonized for international comparability, is available from IPUMS Terra (http://data.terrapop.org/) under the following conditions:

  
IPUMS Terra distributes integrated microdata of individuals and households only by agreement of collaborating national statistical offices and under the strictest of confidence. Before data may be distributed to an individual researcher, an electronic license agreement must be signed and approved.  To gain access to the data, a researcher must agree to the following:

(1) Implement security measures to prevent unauthorized access to census microdata. Under IPUMS Terra agreements with collaborating agencies, redistribution of the data to third parties is prohibited.

(2) Use the microdata for the exclusive purposes of scholarly research and education. Researchers must explicitly agree to not use microdata acquired for any commercial or income-generating venture.

(3) Maintain the confidentiality of persons, households, and other entities. Any attempt to ascertain the identity of persons or households from the microdata is prohibited. Alleging that a person or household has been identified is also prohibited.

(4) Report all publications based on these data to IPUMS Terra, which will in turn pass the information on to the relevant national statistical agencies.

Once a project is approved, a password is issued and data may be acquired through the Internet. Penalties for violating the license include: revocation of the license, recall of all microdata acquired, filing of a motion of censure to the appropriate professional organizations, and civil prosecution under the relevant national or international statutes.

These safeguards mirror the principles from the Joint ECE/Eurostat Work Session on Statistical Data Confidentiality. Employees of the Minnesota Population Center who work with the census microdata to produce the harmonized database also sign agreements to respect the confidentiality of the data.
]]></conditions>
        <disclaimer>The user of the data acknowledges that the original collector of the data, the authorized distributor of the data, and the relevant funding agency bear no responsibility for use of the data or for interpretations or inferences based upon such uses.</disclaimer>
      </useStmt>
    </dataAccs>
    <notes><![CDATA[User-provided title: Nepal Area level Test]]></notes>
  </stdyDscr>
  <fileDscr ID="ExtractData">
    <fileTxt>
      <fileName>terrapop_extract_3485.dat</fileName>
      <fileCont>Microdata records</fileCont>
      <fileStrc type="rectangular">
      </fileStrc>
      <fileType charset="ISO-8859-1">ISO-8859-1 data file</fileType>
      <format>fixed length fields</format>
      <filePlac>Minnesota Population Center, 50 Willey Hall, 225 - 19th Avenue South, Minneapolis, MN 55455</filePlac>
    </fileTxt>
  </fileDscr>
  <dataDscr>
  </dataDscr>
</codeBook>
