GISJOIN,YEAR,DIVISIONA,MSA_CMSAA,PMSA,PMSAA,REGIONA,STATEA,ANPSADPI,D6Z001,D6Z002,D6Z003,D6Z004,D6Z005,D6Z006,D6Z007,D6Z008
GIS Join Match Code,Data File Year,Division Code,Metropolitan Statistical Area/Consolidated Metropolitan Statistical Area Code,Primary Metropolitan Statistical Area Name,Primary Metropolitan Statistical Area Code,Region Code,State Code,Area Name/PSAD Term/Part Indicator,1989 to March 1990,1985 to 1988,1980 to 1984,1970 to 1979,1960 to 1969,1950 to 1959,1940 to 1949,1939 or earlier
"G1120","1990",,"1122","Boston, MA PMSA","1120",,,"Boston, MA PMSA",13989,58143,55592,143956,141957,145686,98773,491944
"G1200","1990",,"1122","Brockton, MA PMSA","1200",,,"Brockton, MA PMSA",823,3551,3871,13016,11223,7951,4168,23383
"G4160","1990",,"1122","Lawrence--Haverhill, MA--NH PMSA","4160",,,"Lawrence--Haverhill, MA--NH PMSA",3224,16188,13443,26152,21890,14634,9984,49304
"G4560","1990",,"1122","Lowell, MA--NH PMSA","4560",,,"Lowell, MA--NH PMSA",1471,9930,8055,15940,16733,12682,5499,27963
"G5350","1990",,"1122","Nashua, NH PMSA","5350",,,"Nashua, NH PMSA",1398,11987,9030,18225,10667,4411,2421,11423
"G7090","1990",,"1122","Salem--Gloucester, MA PMSA","7090",,,"Salem--Gloucester, MA PMSA",1209,6442,4677,12631,14818,15573,7104,47684
"G1280","1990",,"1282","Buffalo, NY PMSA","1280",,,"Buffalo, NY PMSA",4638,12072,10390,44991,51489,75189,50986,152376
"G5700","1990",,"1282","Niagara Falls, NY PMSA","5700",,,"Niagara Falls, NY PMSA",1750,3754,3312,12578,9386,16651,10370,32584
"G0620","1990",,"1602","Aurora--Elgin, IL PMSA","0620",,,"Aurora--Elgin, IL PMSA",3566,8982,5194,28267,23293,17539,8969,29433
"G1600","1990",,"1602","Chicago, IL PMSA","1600",,,"Chicago, IL PMSA",32664,111582,105912,376675,409241,429139,246672,668470
"G2960","1990",,"1602","Gary--Hammond, IN PMSA","2960",,,"Gary--Hammond, IN PMSA",3232,7191,10909,48561,42073,47242,29998,41048
"G3690","1990",,"1602","Joliet, IL PMSA","3690",,,"Joliet, IL PMSA",3647,11270,7464,38919,23987,18922,9689,21624
"G3800","1990",,"1602","Kenosha, WI PMSA","3800",,,"Kenosha, WI PMSA",991,2579,2590,9723,7642,8590,5238,13909
"G3965","1990",,"1602","Lake County, IL PMSA","3965",,,"Lake County, IL PMSA",6260,23181,13407,43027,29173,31115,12914,24206
"G1640","1990",,"1642","Cincinnati, OH--KY--IN PMSA","1640",,,"Cincinnati, OH--KY--IN PMSA",10988,37225,35985,102221,96821,95582,56742,146812
"G3200","1990",,"1642","Hamilton--Middletown, OH PMSA","3200",,,"Hamilton--Middletown, OH PMSA",3486,10518,9226,26067,16168,16922,9830,18136
"G0080","1990",,"1692","Akron, OH PMSA","0080",,,"Akron, OH PMSA",4884,11593,13060,45919,46209,49082,30096,62933
"G1680","1990",,"1692","Cleveland, OH PMSA","1680",,,"Cleveland, OH PMSA",8740,26977,26124,105452,127280,156365,93112,214934
"G4440","1990",,"1692","Lorain--Elyria, OH PMSA","4440",,,"Lorain--Elyria, OH PMSA",1166,3221,4893,21967,19231,20241,9431,19787
"G1920","1990",,"1922","Dallas, TX PMSA","1920",,,"Dallas, TX PMSA",13542,150134,206996,260792,185300,140484,62945,52637
"G2800","1990",,"1922","Fort Worth--Arlington, TX PMSA","2800",,,"Fort Worth--Arlington, TX PMSA",7801,83950,112348,127298,83163,75248,34988,29429
"G1125","1990",,"2082","Boulder--Longmont, CO PMSA","1125",,,"Boulder--Longmont, CO PMSA",1458,9467,13282,30101,18661,9671,2670,9311
"G2080","1990",,"2082","Denver, CO PMSA","2080",,,"Denver, CO PMSA",6223,62846,102840,199058,119077,110154,39948,76004
"G0440","1990",,"2162","Ann Arbor, MI PMSA","0440",,,"Ann Arbor, MI PMSA",3463,8988,5089,26347,24836,16323,7512,18698
"G2160","1990",,"2162","Detroit, MI PMSA","2160",,,"Detroit, MI PMSA",30076,98247,71954,301845,276849,388920,244388,302072
"G1170","1990",,"3282","Bristol, CT PMSA","1170",,,"Bristol, CT PMSA",610,3209,2290,4960,4846,5041,3424,7537
"G3280","1990",,"3282","Hartford, CT PMSA","3280",,,"Hartford, CT PMSA",4173,26237,18275,49220,55950,57065,30053,64890
"G5020","1990",,"3282","Middletown, CT PMSA","5020",,,"Middletown, CT PMSA",968,4746,2135,7255,5233,5008,2984,8469
"G5440","1990",,"3282","New Britain, CT PMSA","5440",,,"New Britain, CT PMSA",1003,4612,2983,8680,9233,10874,6475,16381
"G1145","1990",,"3362","Brazoria, TX PMSA","1145",,,"Brazoria, TX PMSA",899,6774,15263,23778,12545,8699,4246,2300
"G2920","1990",,"3362","Galveston--Texas City, TX PMSA","2920",,,"Galveston--Texas City, TX PMSA",1380,7384,15535,23431,17964,14858,8621,10278
"G3360","1990",,"3362","Houston, TX PMSA","3360",,,"Houston, TX PMSA",18156,79257,290095,435188,227570,167865,80443,57247
"G0360","1990",,"4472","Anaheim--Santa Ana, CA PMSA","0360",,,"Anaheim--Santa Ana, CA PMSA",23984,95737,79070,263043,232379,132193,25322,23344
"G4480","1990",,"4472","Los Angeles--Long Beach, CA PMSA","4480",,,"Los Angeles--Long Beach, CA PMSA",73133,250160,199005,458443,578116,741011,439202,424273
"G6000","1990",,"4472","Oxnard--Ventura, CA PMSA","6000",,,"Oxnard--Ventura, CA PMSA",6225,24394,24164,68596,58981,26631,9798,9689
"G6780","1990",,"4472","Riverside--San Bernardino, CA PMSA","6780",,,"Riverside--San Bernardino, CA PMSA",72398,200421,145014,237068,152518,125126,51436,42198
"G2680","1990",,"4992","Fort Lauderdale--Hollywood--Pompano Beach, FL PMSA","2680",,,"Fort Lauderdale--Hollywood--Pompano Beach, FL PMSA",18153,73507,78395,227092,131930,79421,13236,6926
"G5000","1990",,"4992","Miami--Hialeah, FL PMSA","5000",,,"Miami--Hialeah, FL PMSA",21401,67801,81631,210085,147084,148133,57897,37256
"G5080","1990",,"5082","Milwaukee, WI PMSA","5080",,,"Milwaukee, WI PMSA",10771,23893,22476,92998,86782,112797,56284,156030
"G6600","1990",,"5082","Racine, WI PMSA","6600",,,"Racine, WI PMSA",934,2259,3220,11295,11110,11459,6723,19945
"G0875","1990",,"5602","Bergen--Passaic, NJ PMSA","0875",,,"Bergen--Passaic, NJ PMSA",4724,20476,16316,45316,80726,110225,75098,134448
"G1160","1990",,"5602","Bridgeport--Milford, CT PMSA","1160",,,"Bridgeport--Milford, CT PMSA",1902,9710,9310,22433,26917,32686,23526,46701
"G1930","1990",,"5602","Danbury, CT PMSA","1930",,,"Danbury, CT PMSA",708,6993,6481,15415,14657,10254,4578,13388
"G3640","1990",,"5602","Jersey City, NJ PMSA","3640",,,"Jersey City, NJ PMSA",1490,8948,6545,23083,28715,22772,26343,111786
"G5015","1990",,"5602","Middlesex--Somerset--Hunterdon, NJ PMSA","5015",,,"Middlesex--Somerset--Hunterdon, NJ PMSA",7943,49346,35574,54874,75274,70014,28142,61647
"G5190","1990",,"5602","Monmouth--Ocean, NJ PMSA","5190",,,"Monmouth--Ocean, NJ PMSA",8380,50076,39949,100455,87764,64428,28481,58738
"G5380","1990",,"5602","Nassau--Suffolk, NY PMSA","5380",,,"Nassau--Suffolk, NY PMSA",7871,39894,33114,123994,189970,265570,115754,151442
"G5600","1990",,"5602","New York, NY PMSA","5600",,,"New York, NY PMSA",23713,102376,106489,301226,532603,545273,475321,1362057
"G5640","1990",,"5602","Newark, NJ PMSA","5640",,,"Newark, NJ PMSA",6182,28503,28909,76259,118097,135248,96391,203473
"G5760","1990",,"5602","Norwalk, CT PMSA","5760",,,"Norwalk, CT PMSA",876,3566,3157,6818,9383,10931,4205,12204
"G5950","1990",,"5602","Orange County, NY PMSA","5950",,,"Orange County, NY PMSA",2273,12047,6401,19427,17151,14074,7625,31816
"G8040","1990",,"5602","Stamford, CT PMSA","8040",,,"Stamford, CT PMSA",870,5128,5070,11158,13431,16740,7896,21010
"G6160","1990",,"6162","Philadelphia, PA--NJ PMSA","6160",,,"Philadelphia, PA--NJ PMSA",26948,107087,91128,258386,282431,336036,202243,602891
"G8480","1990",,"6162","Trenton, NJ PMSA","8480",,,"Trenton, NJ PMSA",1657,10139,5384,17393,21543,20457,11983,35110
"G8760","1990",,"6162","Vineland--Millville--Bridgeton, NJ PMSA","8760",,,"Vineland--Millville--Bridgeton, NJ PMSA",754,2319,1987,9788,9359,7675,5083,13329
"G9160","1990",,"6162","Wilmington, DE--NJ--MD PMSA","9160",,,"Wilmington, DE--NJ--MD PMSA",6633,21928,14796,41493,41527,39298,22199,38691
"G0845","1990",,"6282","Beaver County, PA PMSA","0845",,,"Beaver County, PA PMSA",667,1814,2918,12249,9228,15138,11087,23235
"G6280","1990",,"6282","Pittsburgh, PA PMSA","6280",,,"Pittsburgh, PA PMSA",7227,27860,41898,118869,116208,156313,106823,304613
"G6440","1990",,"6442","Portland, OR PMSA","6440",,,"Portland, OR PMSA",13616,33346,41628,126881,79562,64662,49790,103179
"G8725","1990",,"6442","Vancouver, WA PMSA","8725",,,"Vancouver, WA PMSA",5528,8958,9902,30104,14033,8950,7085,8289
"G2480","1990",,"6482","Fall River, MA--RI PMSA","2480",,,"Fall River, MA--RI PMSA",842,4029,2316,8077,7834,7090,5583,30095
"G6060","1990",,"6482","Pawtucket--Woonsocket--Attleboro, RI--MA PMSA","6060",,,"Pawtucket--Woonsocket--Attleboro, RI--MA PMSA",2216,10037,6927,18176,16570,15776,12222,49199
"G6480","1990",,"6482","Providence, RI PMSA","6480",,,"Providence, RI PMSA",4782,18739,16591,41375,36615,36769,25684,86891
"G5775","1990",,"7362","Oakland, CA PMSA","5775",,,"Oakland, CA PMSA",18517,77613,59061,155923,151581,137016,90552,130016
"G7360","1990",,"7362","San Francisco, CA PMSA","7360",,,"San Francisco, CA PMSA",7919,26583,26531,87289,102964,120197,88395,220132
"G7400","1990",,"7362","San Jose, CA PMSA","7400",,,"San Jose, CA PMSA",8392,40093,39899,147416,141534,102285,29897,30724
"G7485","1990",,"7362","Santa Cruz, CA PMSA","7485",,,"Santa Cruz, CA PMSA",1610,7082,8140,24580,16953,11742,8862,12909
"G7500","1990",,"7362","Santa Rosa--Petaluma, CA PMSA","7500",,,"Santa Rosa--Petaluma, CA PMSA",5900,20143,17594,43619,25473,19005,11711,17617
"G8720","1990",,"7362","Vallejo--Fairfield--Napa, CA PMSA","8720",,,"Vallejo--Fairfield--Napa, CA PMSA",8247,22917,16514,41621,24272,22885,12699,14577
"G7600","1990",,"7602","Seattle, WA PMSA","7600",,,"Seattle, WA PMSA",32971,93084,89983,168085,150225,101921,68358,126658
"G8200","1990",,"7602","Tacoma, WA PMSA","8200",,,"Tacoma, WA PMSA",7557,22946,25293,56140,36651,25652,19640,34963
